Workbook

Sheet Dashboard
A1: ApplyAbroadLab.com — Application Tracker Pro
B2: Apply Abroad Lab — Application Tracker Pro
B3: ="Command center for a graduate application campaign | Last updated: "&TEXT(TODAY(),"dd-mmm-yyyy") -> Command center for a graduate application campaign | Last updated: 21-Sep-2026
O4: Chart data (auto)
B5: TOTAL APPLICATIONS | D5: NEAREST DEADLINE (DAYS) | F5: HIGH PRIORITY OPEN | H5: COMPLETION RATE | J5: ACCEPTED | L5: AVG. RESEARCH FIT | O5: Status | P5: Count
B6: =COUNTA(Applications!$B$4:$B$33) -> 1 | D6: =SUMPRODUCT(MIN(IF(Applications!$I$4:$I$33>=0,Applications!$I$4:$I$33))) -> 14 | F6: =SUMPRODUCT((Applications!$K$4:$K$33="High")*(Applications!$J$4:$J$33<>"Submitted")*(Applications!$J$4:$J$33<>"Accepted")*(Applications!$J$4:$J$33<>"Rejected")) -> 1 | H6: =IFERROR(AVERAGE(Applications!$N$4:$N$33),0) -> 0.5 | J6: =COUNTIF(Applications!$J$4:$J$33,"Accepted") -> 0 | L6: =ROUND(AVERAGE(Applications!$L$4:$L$33),1) -> 8 | O6: Not Started | P6: =COUNTIF(Applications!$J$4:$J$33,"Not Started") -> 0
O7: In Progress | P7: =COUNTIF(Applications!$J$4:$J$33,"In Progress") -> 1
B8: APPLICATION STATUS | F8: APPLICATIONS BY COUNTRY | J8: SHORTLIST COMPARISON | O8: Submitted | P8: =COUNTIF(Applications!$J$4:$J$33,"Submitted") -> 0
O9: Interview | P9: =COUNTIF(Applications!$J$4:$J$33,"Interview") -> 0
O10: Accepted | P10: =COUNTIF(Applications!$J$4:$J$33,"Accepted") -> 0
O11: Rejected | P11: =COUNTIF(Applications!$J$4:$J$33,"Rejected") -> 0
O13: Country | P13: Count
O14: Germany | P14: =COUNTIF(Applications!$C$4:$C$33,"Germany") -> 1
B27: UPCOMING DEADLINES (NEXT 30 DAYS) | I27: QUICK NAVIGATION
B28: # | C28: University | E28: Program | G28: Deadline | H28: Days
B29: 1 | C29: =IFERROR(INDEX(Applications!$B$4:$B$33,MATCH(SMALL(Applications!$Q$4:$Q$33,1),Applications!$Q$4:$Q$33,0)),"") -> Example: Technical University of Munich | E29: =IFERROR(INDEX(Applications!$D$4:$D$33,MATCH(SMALL(Applications!$Q$4:$Q$33,1),Applications!$Q$4:$Q$33,0)),"") -> PhD in Computational Biology | G29: =IFERROR(INDEX(Applications!$H$4:$H$33,MATCH(SMALL(Applications!$Q$4:$Q$33,1),Applications!$Q$4:$Q$33,0)),"") -> 46300 | H29: =IFERROR(INDEX(Applications!$I$4:$I$33,MATCH(SMALL(Applications!$Q$4:$Q$33,1),Applications!$Q$4:$Q$33,0)),"") -> 14 | I29: ▶ Applications
B30: 2 | C30: =IFERROR(INDEX(Applications!$B$4:$B$33,MATCH(SMALL(Applications!$Q$4:$Q$33,2),Applications!$Q$4:$Q$33,0)),"") | E30: =IFERROR(INDEX(Applications!$D$4:$D$33,MATCH(SMALL(Applications!$Q$4:$Q$33,2),Applications!$Q$4:$Q$33,0)),"") | G30: =IFERROR(INDEX(Applications!$H$4:$H$33,MATCH(SMALL(Applications!$Q$4:$Q$33,2),Applications!$Q$4:$Q$33,0)),"") | H30: =IFERROR(INDEX(Applications!$I$4:$I$33,MATCH(SMALL(Applications!$Q$4:$Q$33,2),Applications!$Q$4:$Q$33,0)),"") | I30: ▶ Universities & Supervisors
B31: 3 | C31: =IFERROR(INDEX(Applications!$B$4:$B$33,MATCH(SMALL(Applications!$Q$4:$Q$33,3),Applications!$Q$4:$Q$33,0)),"") | E31: =IFERROR(INDEX(Applications!$D$4:$D$33,MATCH(SMALL(Applications!$Q$4:$Q$33,3),Applications!$Q$4:$Q$33,0)),"") | G31: =IFERROR(INDEX(Applications!$H$4:$H$33,MATCH(SMALL(Applications!$Q$4:$Q$33,3),Applications!$Q$4:$Q$33,0)),"") | H31: =IFERROR(INDEX(Applications!$I$4:$I$33,MATCH(SMALL(Applications!$Q$4:$Q$33,3),Applications!$Q$4:$Q$33,0)),"") | I31: ▶ Explorer (interactive filter)
B32: 4 | C32: =IFERROR(INDEX(Applications!$B$4:$B$33,MATCH(SMALL(Applications!$Q$4:$Q$33,4),Applications!$Q$4:$Q$33,0)),"") | E32: =IFERROR(INDEX(Applications!$D$4:$D$33,MATCH(SMALL(Applications!$Q$4:$Q$33,4),Applications!$Q$4:$Q$33,0)),"") | G32: =IFERROR(INDEX(Applications!$H$4:$H$33,MATCH(SMALL(Applications!$Q$4:$Q$33,4),Applications!$Q$4:$Q$33,0)),"") | H32: =IFERROR(INDEX(Applications!$I$4:$I$33,MATCH(SMALL(Applications!$Q$4:$Q$33,4),Applications!$Q$4:$Q$33,0)),"") | I32: ▶ Scoring (radar inputs)
B33: 5 | C33: =IFERROR(INDEX(Applications!$B$4:$B$33,MATCH(SMALL(Applications!$Q$4:$Q$33,5),Applications!$Q$4:$Q$33,0)),"") | E33: =IFERROR(INDEX(Applications!$D$4:$D$33,MATCH(SMALL(Applications!$Q$4:$Q$33,5),Applications!$Q$4:$Q$33,0)),"") | G33: =IFERROR(INDEX(Applications!$H$4:$H$33,MATCH(SMALL(Applications!$Q$4:$Q$33,5),Applications!$Q$4:$Q$33,0)),"") | H33: =IFERROR(INDEX(Applications!$I$4:$I$33,MATCH(SMALL(Applications!$Q$4:$Q$33,5),Applications!$Q$4:$Q$33,0)),"") | I33: ▶ How It Works
B34: 6 | C34: =IFERROR(INDEX(Applications!$B$4:$B$33,MATCH(SMALL(Applications!$Q$4:$Q$33,6),Applications!$Q$4:$Q$33,0)),"") | E34: =IFERROR(INDEX(Applications!$D$4:$D$33,MATCH(SMALL(Applications!$Q$4:$Q$33,6),Applications!$Q$4:$Q$33,0)),"") | G34: =IFERROR(INDEX(Applications!$H$4:$H$33,MATCH(SMALL(Applications!$Q$4:$Q$33,6),Applications!$Q$4:$Q$33,0)),"") | H34: =IFERROR(INDEX(Applications!$I$4:$I$33,MATCH(SMALL(Applications!$Q$4:$Q$33,6),Applications!$Q$4:$Q$33,0)),"")
B36: Tip: update Status, Priority and Deadline in the Applications sheet — every KPI, chart and list on this page recalculates automatically.
B38: CONNECT WITH APPLY ABROAD LAB
B39: Website: | C39: https://applyabroadlab.com/
B40: LinkedIn: | C40: Apply Abroad Lab
B41: Support: | C41: via website or LinkedIn

Sheet Applications
A1: ApplyAbroadLab.com — Application Tracker Pro
A2: Main tracker — edit the white columns. Grey columns (Country, Supervisor, Funding, Days Until Deadline) are calculated automatically. Row 4 is a filled example; replace it and add your own below.
A3: ID | B3: University | C3: Country | D3: Program | E3: Field | F3: Level | G3: Supervisor | H3: Deadline | I3: Days Until Deadline | J3: Status | K3: Priority | L3: Research Fit (1-10) | M3: Funding Type | N3: Documents Ready (%) | O3: Last Contact | P3: Notes | Q3: Upcoming Key | R3: Match Index
A4: 1 | B4: Example: Technical University of Munich | C4: =IFERROR(INDEX('Universities & Supervisors'!$B$4:$B$8,MATCH(B4,'Universities & Supervisors'!$A$4:$A$8,0)),"") -> Germany | D4: PhD in Computational Biology | E4: Computational Biology | F4: PhD | G4: =IFERROR(INDEX('Universities & Supervisors'!$E$4:$E$8,MATCH(B4,'Universities & Supervisors'!$A$4:$A$8,0)),"") -> Prof. First Last | H4: 46300 | I4: =IF(H4="","",H4-TODAY()) -> 14 | J4: In Progress | K4: High | L4: 8 | M4: =IFERROR(INDEX('Universities & Supervisors'!$H$4:$H$8,MATCH(B4,'Universities & Supervisors'!$A$4:$A$8,0)),"") -> Fully funded (example) | N4: 0.5 | O4: 46280 | P4: Example row — delete or overwrite; supervisor/country/funding fill in automatically from the University name. | Q4: =IF(AND(I4<>"",I4>=0,I4<=30),I4+ROW()/100000,"") -> 14.00004 | R4: =IF(AND(OR(Explorer!$C$4="All",C4=Explorer!$C$4),OR(Explorer!$C$5="All",J4=Explorer!$C$5),OR(Explorer!$C$6="All",K4=Explorer!$C$6)),MAX($R$3:R3)+1,"") -> 1
A5: 2 | C5: =IFERROR(INDEX('Universities & Supervisors'!$B$4:$B$8,MATCH(B5,'Universities & Supervisors'!$A$4:$A$8,0)),"") | G5: =IFERROR(INDEX('Universities & Supervisors'!$E$4:$E$8,MATCH(B5,'Universities & Supervisors'!$A$4:$A$8,0)),"") | I5: =IF(H5="","",H5-TODAY()) | M5: =IFERROR(INDEX('Universities & Supervisors'!$H$4:$H$8,MATCH(B5,'Universities & Supervisors'!$A$4:$A$8,0)),"") | Q5: =IF(AND(I5<>"",I5>=0,I5<=30),I5+ROW()/100000,"") | R5: =IF(AND(OR(Explorer!$C$4="All",C5=Explorer!$C$4),OR(Explorer!$C$5="All",J5=Explorer!$C$5),OR(Explorer!$C$6="All",K5=Explorer!$C$6)),MAX($R$3:R4)+1,"") -> 2
A6: 3 | C6: =IFERROR(INDEX('Universities & Supervisors'!$B$4:$B$8,MATCH(B6,'Universities & Supervisors'!$A$4:$A$8,0)),"") | G6: =IFERROR(INDEX('Universities & Supervisors'!$E$4:$E$8,MATCH(B6,'Universities & Supervisors'!$A$4:$A$8,0)),"") | I6: =IF(H6="","",H6-TODAY()) | M6: =IFERROR(INDEX('Universities & Supervisors'!$H$4:$H$8,MATCH(B6,'Universities & Supervisors'!$A$4:$A$8,0)),"") | Q6: =IF(AND(I6<>"",I6>=0,I6<=30),I6+ROW()/100000,"") | R6: =IF(AND(OR(Explorer!$C$4="All",C6=Explorer!$C$4),OR(Explorer!$C$5="All",J6=Explorer!$C$5),OR(Explorer!$C$6="All",K6=Explorer!$C$6)),MAX($R$3:R5)+1,"") -> 3
A7: 4 | C7: =IFERROR(INDEX('Universities & Supervisors'!$B$4:$B$8,MATCH(B7,'Universities & Supervisors'!$A$4:$A$8,0)),"") | G7: =IFERROR(INDEX('Universities & Supervisors'!$E$4:$E$8,MATCH(B7,'Universities & Supervisors'!$A$4:$A$8,0)),"") | I7: =IF(H7="","",H7-TODAY()) | M7: =IFERROR(INDEX('Universities & Supervisors'!$H$4:$H$8,MATCH(B7,'Universities & Supervisors'!$A$4:$A$8,0)),"") | Q7: =IF(AND(I7<>"",I7>=0,I7<=30),I7+ROW()/100000,"") | R7: =IF(AND(OR(Explorer!$C$4="All",C7=Explorer!$C$4),OR(Explorer!$C$5="All",J7=Explorer!$C$5),OR(Explorer!$C$6="All",K7=Explorer!$C$6)),MAX($R$3:R6)+1,"") -> 4
A8: 5 | C8: =IFERROR(INDEX('Universities & Supervisors'!$B$4:$B$8,MATCH(B8,'Universities & Supervisors'!$A$4:$A$8,0)),"") | G8: =IFERROR(INDEX('Universities & Supervisors'!$E$4:$E$8,MATCH(B8,'Universities & Supervisors'!$A$4:$A$8,0)),"") | I8: =IF(H8="","",H8-TODAY()) | M8: =IFERROR(INDEX('Universities & Supervisors'!$H$4:$H$8,MATCH(B8,'Universities & Supervisors'!$A$4:$A$8,0)),"") | Q8: =IF(AND(I8<>"",I8>=0,I8<=30),I8+ROW()/100000,"") | R8: =IF(AND(OR(Explorer!$C$4="All",C8=Explorer!$C$4),OR(Explorer!$C$5="All",J8=Explorer!$C$5),OR(Explorer!$C$6="All",K8=Explorer!$C$6)),MAX($R$3:R7)+1,"") -> 5
A9: 6 | C9: =IFERROR(INDEX('Universities & Supervisors'!$B$4:$B$8,MATCH(B9,'Universities & Supervisors'!$A$4:$A$8,0)),"") | G9: =IFERROR(INDEX('Universities & Supervisors'!$E$4:$E$8,MATCH(B9,'Universities & Supervisors'!$A$4:$A$8,0)),"") | I9: =IF(H9="","",H9-TODAY()) | M9: =IFERROR(INDEX('Universities & Supervisors'!$H$4:$H$8,MATCH(B9,'Universities & Supervisors'!$A$4:$A$8,0)),"") | Q9: =IF(AND(I9<>"",I9>=0,I9<=30),I9+ROW()/100000,"") | R9: =IF(AND(OR(Explorer!$C$4="All",C9=Explorer!$C$4),OR(Explorer!$C$5="All",J9=Explorer!$C$5),OR(Explorer!$C$6="All",K9=Explorer!$C$6)),MAX($R$3:R8)+1,"") -> 6
A10: 7 | C10: =IFERROR(INDEX('Universities & Supervisors'!$B$4:$B$8,MATCH(B10,'Universities & Supervisors'!$A$4:$A$8,0)),"") | G10: =IFERROR(INDEX('Universities & Supervisors'!$E$4:$E$8,MATCH(B10,'Universities & Supervisors'!$A$4:$A$8,0)),"") | I10: =IF(H10="","",H10-TODAY()) | M10: =IFERROR(INDEX('Universities & Supervisors'!$H$4:$H$8,MATCH(B10,'Universities & Supervisors'!$A$4:$A$8,0)),"") | Q10: =IF(AND(I10<>"",I10>=0,I10<=30),I10+ROW()/100000,"") | R10: =IF(AND(OR(Explorer!$C$4="All",C10=Explorer!$C$4),OR(Explorer!$C$5="All",J10=Explorer!$C$5),OR(Explorer!$C$6="All",K10=Explorer!$C$6)),MAX($R$3:R9)+1,"") -> 7
A11: 8 | C11: =IFERROR(INDEX('Universities & Supervisors'!$B$4:$B$8,MATCH(B11,'Universities & Supervisors'!$A$4:$A$8,0)),"") | G11: =IFERROR(INDEX('Universities & Supervisors'!$E$4:$E$8,MATCH(B11,'Universities & Supervisors'!$A$4:$A$8,0)),"") | I11: =IF(H11="","",H11-TODAY()) | M11: =IFERROR(INDEX('Universities & Supervisors'!$H$4:$H$8,MATCH(B11,'Universities & Supervisors'!$A$4:$A$8,0)),"") | Q11: =IF(AND(I11<>"",I11>=0,I11<=30),I11+ROW()/100000,"") | R11: =IF(AND(OR(Explorer!$C$4="All",C11=Explorer!$C$4),OR(Explorer!$C$5="All",J11=Explorer!$C$5),OR(Explorer!$C$6="All",K11=Explorer!$C$6)),MAX($R$3:R10)+1,"") -> 8
A12: 9 | C12: =IFERROR(INDEX('Universities & Supervisors'!$B$4:$B$8,MATCH(B12,'Universities & Supervisors'!$A$4:$A$8,0)),"") | G12: =IFERROR(INDEX('Universities & Supervisors'!$E$4:$E$8,MATCH(B12,'Universities & Supervisors'!$A$4:$A$8,0)),"") | I12: =IF(H12="","",H12-TODAY()) | M12: =IFERROR(INDEX('Universities & Supervisors'!$H$4:$H$8,MATCH(B12,'Universities & Supervisors'!$A$4:$A$8,0)),"") | Q12: =IF(AND(I12<>"",I12>=0,I12<=30),I12+ROW()/100000,"") | R12: =IF(AND(OR(Explorer!$C$4="All",C12=Explorer!$C$4),OR(Explorer!$C$5="All",J12=Explorer!$C$5),OR(Explorer!$C$6="All",K12=Explorer!$C$6)),MAX($R$3:R11)+1,"") -> 9
A13: 10 | C13: =IFERROR(INDEX('Universities & Supervisors'!$B$4:$B$8,MATCH(B13,'Universities & Supervisors'!$A$4:$A$8,0)),"") | G13: =IFERROR(INDEX('Universities & Supervisors'!$E$4:$E$8,MATCH(B13,'Universities & Supervisors'!$A$4:$A$8,0)),"") | I13: =IF(H13="","",H13-TODAY()) | M13: =IFERROR(INDEX('Universities & Supervisors'!$H$4:$H$8,MATCH(B13,'Universities & Supervisors'!$A$4:$A$8,0)),"") | Q13: =IF(AND(I13<>"",I13>=0,I13<=30),I13+ROW()/100000,"") | R13: =IF(AND(OR(Explorer!$C$4="All",C13=Explorer!$C$4),OR(Explorer!$C$5="All",J13=Explorer!$C$5),OR(Explorer!$C$6="All",K13=Explorer!$C$6)),MAX($R$3:R12)+1,"") -> 10
A14: 11 | C14: =IFERROR(INDEX('Universities & Supervisors'!$B$4:$B$8,MATCH(B14,'Universities & Supervisors'!$A$4:$A$8,0)),"") | G14: =IFERROR(INDEX('Universities & Supervisors'!$E$4:$E$8,MATCH(B14,'Universities & Supervisors'!$A$4:$A$8,0)),"") | I14: =IF(H14="","",H14-TODAY()) | M14: =IFERROR(INDEX('Universities & Supervisors'!$H$4:$H$8,MATCH(B14,'Universities & Supervisors'!$A$4:$A$8,0)),"") | Q14: =IF(AND(I14<>"",I14>=0,I14<=30),I14+ROW()/100000,"") | R14: =IF(AND(OR(Explorer!$C$4="All",C14=Explorer!$C$4),OR(Explorer!$C$5="All",J14=Explorer!$C$5),OR(Explorer!$C$6="All",K14=Explorer!$C$6)),MAX($R$3:R13)+1,"") -> 11
A15: 12 | C15: =IFERROR(INDEX('Universities & Supervisors'!$B$4:$B$8,MATCH(B15,'Universities & Supervisors'!$A$4:$A$8,0)),"") | G15: =IFERROR(INDEX('Universities & Supervisors'!$E$4:$E$8,MATCH(B15,'Universities & Supervisors'!$A$4:$A$8,0)),"") | I15: =IF(H15="","",H15-TODAY()) | M15: =IFERROR(INDEX('Universities & Supervisors'!$H$4:$H$8,MATCH(B15,'Universities & Supervisors'!$A$4:$A$8,0)),"") | Q15: =IF(AND(I15<>"",I15>=0,I15<=30),I15+ROW()/100000,"") | R15: =IF(AND(OR(Explorer!$C$4="All",C15=Explorer!$C$4),OR(Explorer!$C$5="All",J15=Explorer!$C$5),OR(Explorer!$C$6="All",K15=Explorer!$C$6)),MAX($R$3:R14)+1,"") -> 12
A16: 13 | C16: =IFERROR(INDEX('Universities & Supervisors'!$B$4:$B$8,MATCH(B16,'Universities & Supervisors'!$A$4:$A$8,0)),"") | G16: =IFERROR(INDEX('Universities & Supervisors'!$E$4:$E$8,MATCH(B16,'Universities & Supervisors'!$A$4:$A$8,0)),"") | I16: =IF(H16="","",H16-TODAY()) | M16: =IFERROR(INDEX('Universities & Supervisors'!$H$4:$H$8,MATCH(B16,'Universities & Supervisors'!$A$4:$A$8,0)),"") | Q16: =IF(AND(I16<>"",I16>=0,I16<=30),I16+ROW()/100000,"") | R16: =IF(AND(OR(Explorer!$C$4="All",C16=Explorer!$C$4),OR(Explorer!$C$5="All",J16=Explorer!$C$5),OR(Explorer!$C$6="All",K16=Explorer!$C$6)),MAX($R$3:R15)+1,"") -> 13
... A33: 30 | C33: =IFERROR(INDEX('Universities & Supervisors'!$B$4:$B$8,MATCH(B33,'Universities & Supervisors'!$A$4:$A$8,0)),"") | G33: =IFERROR(INDEX('Universities & Supervisors'!$E$4:$E$8,MATCH(B33,'Universities & Supervisors'!$A$4:$A$8,0)),"") | I33: =IF(H33="","",H33-TODAY()) | M33: =IFERROR(INDEX('Universities & Supervisors'!$H$4:$H$8,MATCH(B33,'Universities & Supervisors'!$A$4:$A$8,0)),"") | Q33: =IF(AND(I33<>"",I33>=0,I33<=30),I33+ROW()/100000,"") | R33: =IF(AND(OR(Explorer!$C$4="All",C33=Explorer!$C$4),OR(Explorer!$C$5="All",J33=Explorer!$C$5),OR(Explorer!$C$6="All",K33=Explorer!$C$6)),MAX($R$3:R32)+1,"") -> 30

Sheet Universities & Supervisors
A1: ApplyAbroadLab.com — Application Tracker Pro
A2: Reference table — one row per university / supervisor. Applications pull Country, Supervisor and Funding from here automatically. Row 4 is a filled example; replace it and add your own below.
A3: University | B3: Country | C3: City | D3: Research Area | E3: Supervisor | F3: Prestige (1-10) | G3: Responsiveness (1-10) | H3: Funding Type | I3: Contact Status | J3: Website
A4: Example: Technical University of Munich | B4: Germany | C4: Munich | D4: Computational Biology | E4: Prof. First Last | F4: 8 | G4: 7 | H4: Fully funded (example) | I4: Not contacted | J4: https://www.tum.de
I5: Not contacted
I6: Not contacted
I7: Not contacted
I8: Not contacted

Sheet Explorer
A1: ApplyAbroadLab.com — Application Tracker Pro
A2: Interactive filter — change the three yellow selectors and the list, KPIs and chart update instantly.
B4: Country | C4: All | E4: Matching applications | F4: =COUNT(Applications!R4:R33) -> 30
B5: Status | C5: All | E5: Average research fit | F5: =IFERROR(ROUND(SUMPRODUCT((Applications!R4:R33<>"")*Applications!L4:L33)/$F$4,1),0) -> 0.3
B6: Priority | C6: All | E6: Average documents ready | F6: =IFERROR(SUMPRODUCT((Applications!R4:R33<>"")*Applications!N4:N33)/$F$4,0) -> 0.016666667
E7: Nearest deadline (days) | F7: =IFERROR(SUMPRODUCT(MIN(IF(Applications!R4:R33<>"",IF(Applications!I4:I33>=0,Applications!I4:I33)))),"") -> 14
A9: # | B9: University | C9: Country | D9: Program | E9: Deadline | F9: Days | G9: Status | H9: Priority
A10: 1 | B10: =IFERROR(INDEX(Applications!$B$4:$B$33,MATCH($A10,Applications!$R$4:$R$33,0)),"") -> Example: Technical University of Munich | C10: =IFERROR(INDEX(Applications!$C$4:$C$33,MATCH($A10,Applications!$R$4:$R$33,0)),"") -> Germany | D10: =IFERROR(INDEX(Applications!$D$4:$D$33,MATCH($A10,Applications!$R$4:$R$33,0)),"") -> PhD in Computational Biology | E10: =IFERROR(INDEX(Applications!$H$4:$H$33,MATCH($A10,Applications!$R$4:$R$33,0)),"") -> 46300 | F10: =IFERROR(INDEX(Applications!$I$4:$I$33,MATCH($A10,Applications!$R$4:$R$33,0)),"") -> 14 | G10: =IFERROR(INDEX(Applications!$J$4:$J$33,MATCH($A10,Applications!$R$4:$R$33,0)),"") -> In Progress | H10: =IFERROR(INDEX(Applications!$K$4:$K$33,MATCH($A10,Applications!$R$4:$R$33,0)),"") -> High
A11: 2 | B11: =IFERROR(INDEX(Applications!$B$4:$B$33,MATCH($A11,Applications!$R$4:$R$33,0)),"") -> 0 | C11: =IFERROR(INDEX(Applications!$C$4:$C$33,MATCH($A11,Applications!$R$4:$R$33,0)),"") | D11: =IFERROR(INDEX(Applications!$D$4:$D$33,MATCH($A11,Applications!$R$4:$R$33,0)),"") -> 0 | E11: =IFERROR(INDEX(Applications!$H$4:$H$33,MATCH($A11,Applications!$R$4:$R$33,0)),"") -> 0 | F11: =IFERROR(INDEX(Applications!$I$4:$I$33,MATCH($A11,Applications!$R$4:$R$33,0)),"") | G11: =IFERROR(INDEX(Applications!$J$4:$J$33,MATCH($A11,Applications!$R$4:$R$33,0)),"") -> 0 | H11: =IFERROR(INDEX(Applications!$K$4:$K$33,MATCH($A11,Applications!$R$4:$R$33,0)),"") -> 0
A12: 3 | B12: =IFERROR(INDEX(Applications!$B$4:$B$33,MATCH($A12,Applications!$R$4:$R$33,0)),"") -> 0 | C12: =IFERROR(INDEX(Applications!$C$4:$C$33,MATCH($A12,Applications!$R$4:$R$33,0)),"") | D12: =IFERROR(INDEX(Applications!$D$4:$D$33,MATCH($A12,Applications!$R$4:$R$33,0)),"") -> 0 | E12: =IFERROR(INDEX(Applications!$H$4:$H$33,MATCH($A12,Applications!$R$4:$R$33,0)),"") -> 0 | F12: =IFERROR(INDEX(Applications!$I$4:$I$33,MATCH($A12,Applications!$R$4:$R$33,0)),"") | G12: =IFERROR(INDEX(Applications!$J$4:$J$33,MATCH($A12,Applications!$R$4:$R$33,0)),"") -> 0 | H12: =IFERROR(INDEX(Applications!$K$4:$K$33,MATCH($A12,Applications!$R$4:$R$33,0)),"") -> 0
A13: 4 | B13: =IFERROR(INDEX(Applications!$B$4:$B$33,MATCH($A13,Applications!$R$4:$R$33,0)),"") -> 0 | C13: =IFERROR(INDEX(Applications!$C$4:$C$33,MATCH($A13,Applications!$R$4:$R$33,0)),"") | D13: =IFERROR(INDEX(Applications!$D$4:$D$33,MATCH($A13,Applications!$R$4:$R$33,0)),"") -> 0 | E13: =IFERROR(INDEX(Applications!$H$4:$H$33,MATCH($A13,Applications!$R$4:$R$33,0)),"") -> 0 | F13: =IFERROR(INDEX(Applications!$I$4:$I$33,MATCH($A13,Applications!$R$4:$R$33,0)),"") | G13: =IFERROR(INDEX(Applications!$J$4:$J$33,MATCH($A13,Applications!$R$4:$R$33,0)),"") -> 0 | H13: =IFERROR(INDEX(Applications!$K$4:$K$33,MATCH($A13,Applications!$R$4:$R$33,0)),"") -> 0
A14: 5 | B14: =IFERROR(INDEX(Applications!$B$4:$B$33,MATCH($A14,Applications!$R$4:$R$33,0)),"") -> 0 | C14: =IFERROR(INDEX(Applications!$C$4:$C$33,MATCH($A14,Applications!$R$4:$R$33,0)),"") | D14: =IFERROR(INDEX(Applications!$D$4:$D$33,MATCH($A14,Applications!$R$4:$R$33,0)),"") -> 0 | E14: =IFERROR(INDEX(Applications!$H$4:$H$33,MATCH($A14,Applications!$R$4:$R$33,0)),"") -> 0 | F14: =IFERROR(INDEX(Applications!$I$4:$I$33,MATCH($A14,Applications!$R$4:$R$33,0)),"") | G14: =IFERROR(INDEX(Applications!$J$4:$J$33,MATCH($A14,Applications!$R$4:$R$33,0)),"") -> 0 | H14: =IFERROR(INDEX(Applications!$K$4:$K$33,MATCH($A14,Applications!$R$4:$R$33,0)),"") -> 0
A15: 6 | B15: =IFERROR(INDEX(Applications!$B$4:$B$33,MATCH($A15,Applications!$R$4:$R$33,0)),"") -> 0 | C15: =IFERROR(INDEX(Applications!$C$4:$C$33,MATCH($A15,Applications!$R$4:$R$33,0)),"") | D15: =IFERROR(INDEX(Applications!$D$4:$D$33,MATCH($A15,Applications!$R$4:$R$33,0)),"") -> 0 | E15: =IFERROR(INDEX(Applications!$H$4:$H$33,MATCH($A15,Applications!$R$4:$R$33,0)),"") -> 0 | F15: =IFERROR(INDEX(Applications!$I$4:$I$33,MATCH($A15,Applications!$R$4:$R$33,0)),"") | G15: =IFERROR(INDEX(Applications!$J$4:$J$33,MATCH($A15,Applications!$R$4:$R$33,0)),"") -> 0 | H15: =IFERROR(INDEX(Applications!$K$4:$K$33,MATCH($A15,Applications!$R$4:$R$33,0)),"") -> 0
A16: 7 | B16: =IFERROR(INDEX(Applications!$B$4:$B$33,MATCH($A16,Applications!$R$4:$R$33,0)),"") -> 0 | C16: =IFERROR(INDEX(Applications!$C$4:$C$33,MATCH($A16,Applications!$R$4:$R$33,0)),"") | D16: =IFERROR(INDEX(Applications!$D$4:$D$33,MATCH($A16,Applications!$R$4:$R$33,0)),"") -> 0 | E16: =IFERROR(INDEX(Applications!$H$4:$H$33,MATCH($A16,Applications!$R$4:$R$33,0)),"") -> 0 | F16: =IFERROR(INDEX(Applications!$I$4:$I$33,MATCH($A16,Applications!$R$4:$R$33,0)),"") | G16: =IFERROR(INDEX(Applications!$J$4:$J$33,MATCH($A16,Applications!$R$4:$R$33,0)),"") -> 0 | H16: =IFERROR(INDEX(Applications!$K$4:$K$33,MATCH($A16,Applications!$R$4:$R$33,0)),"") -> 0
A17: 8 | B17: =IFERROR(INDEX(Applications!$B$4:$B$33,MATCH($A17,Applications!$R$4:$R$33,0)),"") -> 0 | C17: =IFERROR(INDEX(Applications!$C$4:$C$33,MATCH($A17,Applications!$R$4:$R$33,0)),"") | D17: =IFERROR(INDEX(Applications!$D$4:$D$33,MATCH($A17,Applications!$R$4:$R$33,0)),"") -> 0 | E17: =IFERROR(INDEX(Applications!$H$4:$H$33,MATCH($A17,Applications!$R$4:$R$33,0)),"") -> 0 | F17: =IFERROR(INDEX(Applications!$I$4:$I$33,MATCH($A17,Applications!$R$4:$R$33,0)),"") | G17: =IFERROR(INDEX(Applications!$J$4:$J$33,MATCH($A17,Applications!$R$4:$R$33,0)),"") -> 0 | H17: =IFERROR(INDEX(Applications!$K$4:$K$33,MATCH($A17,Applications!$R$4:$R$33,0)),"") -> 0
A18: 9 | B18: =IFERROR(INDEX(Applications!$B$4:$B$33,MATCH($A18,Applications!$R$4:$R$33,0)),"") -> 0 | C18: =IFERROR(INDEX(Applications!$C$4:$C$33,MATCH($A18,Applications!$R$4:$R$33,0)),"") | D18: =IFERROR(INDEX(Applications!$D$4:$D$33,MATCH($A18,Applications!$R$4:$R$33,0)),"") -> 0 | E18: =IFERROR(INDEX(Applications!$H$4:$H$33,MATCH($A18,Applications!$R$4:$R$33,0)),"") -> 0 | F18: =IFERROR(INDEX(Applications!$I$4:$I$33,MATCH($A18,Applications!$R$4:$R$33,0)),"") | G18: =IFERROR(INDEX(Applications!$J$4:$J$33,MATCH($A18,Applications!$R$4:$R$33,0)),"") -> 0 | H18: =IFERROR(INDEX(Applications!$K$4:$K$33,MATCH($A18,Applications!$R$4:$R$33,0)),"") -> 0
A19: 10 | B19: =IFERROR(INDEX(Applications!$B$4:$B$33,MATCH($A19,Applications!$R$4:$R$33,0)),"") -> 0 | C19: =IFERROR(INDEX(Applications!$C$4:$C$33,MATCH($A19,Applications!$R$4:$R$33,0)),"") | D19: =IFERROR(INDEX(Applications!$D$4:$D$33,MATCH($A19,Applications!$R$4:$R$33,0)),"") -> 0 | E19: =IFERROR(INDEX(Applications!$H$4:$H$33,MATCH($A19,Applications!$R$4:$R$33,0)),"") -> 0 | F19: =IFERROR(INDEX(Applications!$I$4:$I$33,MATCH($A19,Applications!$R$4:$R$33,0)),"") | G19: =IFERROR(INDEX(Applications!$J$4:$J$33,MATCH($A19,Applications!$R$4:$R$33,0)),"") -> 0 | H19: =IFERROR(INDEX(Applications!$K$4:$K$33,MATCH($A19,Applications!$R$4:$R$33,0)),"") -> 0
A20: 11 | B20: =IFERROR(INDEX(Applications!$B$4:$B$33,MATCH($A20,Applications!$R$4:$R$33,0)),"") -> 0 | C20: =IFERROR(INDEX(Applications!$C$4:$C$33,MATCH($A20,Applications!$R$4:$R$33,0)),"") | D20: =IFERROR(INDEX(Applications!$D$4:$D$33,MATCH($A20,Applications!$R$4:$R$33,0)),"") -> 0 | E20: =IFERROR(INDEX(Applications!$H$4:$H$33,MATCH($A20,Applications!$R$4:$R$33,0)),"") -> 0 | F20: =IFERROR(INDEX(Applications!$I$4:$I$33,MATCH($A20,Applications!$R$4:$R$33,0)),"") | G20: =IFERROR(INDEX(Applications!$J$4:$J$33,MATCH($A20,Applications!$R$4:$R$33,0)),"") -> 0 | H20: =IFERROR(INDEX(Applications!$K$4:$K$33,MATCH($A20,Applications!$R$4:$R$33,0)),"") -> 0
A21: 12 | B21: =IFERROR(INDEX(Applications!$B$4:$B$33,MATCH($A21,Applications!$R$4:$R$33,0)),"") -> 0 | C21: =IFERROR(INDEX(Applications!$C$4:$C$33,MATCH($A21,Applications!$R$4:$R$33,0)),"") | D21: =IFERROR(INDEX(Applications!$D$4:$D$33,MATCH($A21,Applications!$R$4:$R$33,0)),"") -> 0 | E21: =IFERROR(INDEX(Applications!$H$4:$H$33,MATCH($A21,Applications!$R$4:$R$33,0)),"") -> 0 | F21: =IFERROR(INDEX(Applications!$I$4:$I$33,MATCH($A21,Applications!$R$4:$R$33,0)),"") | G21: =IFERROR(INDEX(Applications!$J$4:$J$33,MATCH($A21,Applications!$R$4:$R$33,0)),"") -> 0 | H21: =IFERROR(INDEX(Applications!$K$4:$K$33,MATCH($A21,Applications!$R$4:$R$33,0)),"") -> 0
... A29: 20 | B29: =IFERROR(INDEX(Applications!$B$4:$B$33,MATCH($A29,Applications!$R$4:$R$33,0)),"") -> 0 | C29: =IFERROR(INDEX(Applications!$C$4:$C$33,MATCH($A29,Applications!$R$4:$R$33,0)),"") | D29: =IFERROR(INDEX(Applications!$D$4:$D$33,MATCH($A29,Applications!$R$4:$R$33,0)),"") -> 0 | E29: =IFERROR(INDEX(Applications!$H$4:$H$33,MATCH($A29,Applications!$R$4:$R$33,0)),"") -> 0 | F29: =IFERROR(INDEX(Applications!$I$4:$I$33,MATCH($A29,Applications!$R$4:$R$33,0)),"") | G29: =IFERROR(INDEX(Applications!$J$4:$J$33,MATCH($A29,Applications!$R$4:$R$33,0)),"") -> 0 | H29: =IFERROR(INDEX(Applications!$K$4:$K$33,MATCH($A29,Applications!$R$4:$R$33,0)),"") -> 0
B31: Status (selection) | C31: Count
B32: Not Started | C32: =SUMPRODUCT((Applications!$R$4:$R$33<>"")*(Applications!$J$4:$J$33="Not Started")) -> 0
B33: In Progress | C33: =SUMPRODUCT((Applications!$R$4:$R$33<>"")*(Applications!$J$4:$J$33="In Progress")) -> 1
B34: Submitted | C34: =SUMPRODUCT((Applications!$R$4:$R$33<>"")*(Applications!$J$4:$J$33="Submitted")) -> 0
B35: Interview | C35: =SUMPRODUCT((Applications!$R$4:$R$33<>"")*(Applications!$J$4:$J$33="Interview")) -> 0
B36: Accepted | C36: =SUMPRODUCT((Applications!$R$4:$R$33<>"")*(Applications!$J$4:$J$33="Accepted")) -> 0
B37: Rejected | C37: =SUMPRODUCT((Applications!$R$4:$R$33<>"")*(Applications!$J$4:$J$33="Rejected")) -> 0

Sheet Scoring
A1: ApplyAbroadLab.com — Application Tracker Pro
A2: Shortlist comparison — pick up to 4 universities in the yellow cells. All axes are normalised to 0-10 so the radar shape is comparable.
A3: Axis | B3: Shortlist 1 | C3: Shortlist 2 | D3: Shortlist 3 | E3: Shortlist 4 | G3: Scoring rule
A4: University | B4: Example: Technical University of Munich
A5: Research Fit | B5: =IFERROR(INDEX(Applications!$L$4:$L$33,MATCH(B$4,Applications!$B$4:$B$33,0)),0) -> 8 | C5: =IFERROR(INDEX(Applications!$L$4:$L$33,MATCH(C$4,Applications!$B$4:$B$33,0)),0) -> 0 | D5: =IFERROR(INDEX(Applications!$L$4:$L$33,MATCH(D$4,Applications!$B$4:$B$33,0)),0) -> 0 | E5: =IFERROR(INDEX(Applications!$L$4:$L$33,MATCH(E$4,Applications!$B$4:$B$33,0)),0) -> 0 | G5: Research Fit column of the application, already on a 1-10 scale
A6: Funding Strength | B6: =IFERROR(IF(ISNUMBER(SEARCH("Fully",INDEX(Applications!$M$4:$M$33,MATCH(B$4,Applications!$B$4:$B$33,0)))),10,IF(ISNUMBER(SEARCH("Partial",INDEX(Applications!$M$4:$M$33,MATCH(B$4,Applications!$B$4:$B$33,0)))),6,7)),0) -> 10 | C6: =IFERROR(IF(ISNUMBER(SEARCH("Fully",INDEX(Applications!$M$4:$M$33,MATCH(C$4,Applications!$B$4:$B$33,0)))),10,IF(ISNUMBER(SEARCH("Partial",INDEX(Applications!$M$4:$M$33,MATCH(C$4,Applications!$B$4:$B$33,0)))),6,7)),0) -> 7 | D6: =IFERROR(IF(ISNUMBER(SEARCH("Fully",INDEX(Applications!$M$4:$M$33,MATCH(D$4,Applications!$B$4:$B$33,0)))),10,IF(ISNUMBER(SEARCH("Partial",INDEX(Applications!$M$4:$M$33,MATCH(D$4,Applications!$B$4:$B$33,0)))),6,7)),0) -> 7 | E6: =IFERROR(IF(ISNUMBER(SEARCH("Fully",INDEX(Applications!$M$4:$M$33,MATCH(E$4,Applications!$B$4:$B$33,0)))),10,IF(ISNUMBER(SEARCH("Partial",INDEX(Applications!$M$4:$M$33,MATCH(E$4,Applications!$B$4:$B$33,0)))),6,7)),0) -> 7 | G6: Fully funded = 10, Scholarship = 7, Partially funded = 6
A7: Prestige | B7: =IFERROR(INDEX('Universities & Supervisors'!$F$4:$F$8,MATCH(B$4,'Universities & Supervisors'!$A$4:$A$8,0)),0) -> 8 | C7: =IFERROR(INDEX('Universities & Supervisors'!$F$4:$F$8,MATCH(C$4,'Universities & Supervisors'!$A$4:$A$8,0)),0) -> 0 | D7: =IFERROR(INDEX('Universities & Supervisors'!$F$4:$F$8,MATCH(D$4,'Universities & Supervisors'!$A$4:$A$8,0)),0) -> 0 | E7: =IFERROR(INDEX('Universities & Supervisors'!$F$4:$F$8,MATCH(E$4,'Universities & Supervisors'!$A$4:$A$8,0)),0) -> 0 | G7: Prestige score from the Universities sheet (1-10)
A8: Deadline Urgency | B8: =IFERROR(MAX(0,MIN(10,ROUND(10-INDEX(Applications!$I$4:$I$33,MATCH(B$4,Applications!$B$4:$B$33,0))/20,0))),0) -> 9 | C8: =IFERROR(MAX(0,MIN(10,ROUND(10-INDEX(Applications!$I$4:$I$33,MATCH(C$4,Applications!$B$4:$B$33,0))/20,0))),0) -> 0 | D8: =IFERROR(MAX(0,MIN(10,ROUND(10-INDEX(Applications!$I$4:$I$33,MATCH(D$4,Applications!$B$4:$B$33,0))/20,0))),0) -> 0 | E8: =IFERROR(MAX(0,MIN(10,ROUND(10-INDEX(Applications!$I$4:$I$33,MATCH(E$4,Applications!$B$4:$B$33,0))/20,0))),0) -> 0 | G8: 10 = deadline now, minus 1 point per 20 days away, floor 0
A9: Supervisor Responsiveness | B9: =IFERROR(INDEX('Universities & Supervisors'!$G$4:$G$8,MATCH(B$4,'Universities & Supervisors'!$A$4:$A$8,0)),0) -> 7 | C9: =IFERROR(INDEX('Universities & Supervisors'!$G$4:$G$8,MATCH(C$4,'Universities & Supervisors'!$A$4:$A$8,0)),0) -> 0 | D9: =IFERROR(INDEX('Universities & Supervisors'!$G$4:$G$8,MATCH(D$4,'Universities & Supervisors'!$A$4:$A$8,0)),0) -> 0 | E9: =IFERROR(INDEX('Universities & Supervisors'!$G$4:$G$8,MATCH(E$4,'Universities & Supervisors'!$A$4:$A$8,0)),0) -> 0 | G9: Responsiveness score from the Universities sheet (1-10)
A10: Overall (average) | B10: =ROUND(AVERAGE(B5:B9),1) -> 8.4 | C10: =ROUND(AVERAGE(C5:C9),1) -> 1.4 | D10: =ROUND(AVERAGE(D5:D9),1) -> 1.4 | E10: =ROUND(AVERAGE(E5:E9),1) -> 1.4

Sheet How It Works
A1: ApplyAbroadLab.com — Application Tracker Pro
B3: How It Works
B5: What this is | C5: A single-file application tracker for Master's, PhD and Postdoc campaigns. Everything on the Dashboard is calculated live from the Applications sheet.
B6: Data model | C6: Two tables. Applications = one row per application (the fact table). Universities & Supervisors = one row per institution (the reference table). Applications pull Country, Supervisor and Funding from the reference table by University name, so a fact is entered once and reused everywhere.
B7: What is automated | C7: Days-until-deadline countdown with red/orange/green alerts, six live KPI cards, status pie chart, country bar chart, 4-way shortlist radar chart, upcoming-deadline list (next 30 days), interactive Explorer filter, and the shortlist scoring table.
B8: Adding an application | C8: Go to Applications, type in the next empty row: pick University from the dropdown (Country, Supervisor and Funding fill in automatically), enter Program, Field, Level, Deadline, Status, Priority, Research Fit and Documents Ready. Takes about 60 seconds.
B9: Adding a university | C9: Add a row to Universities & Supervisors with its Prestige and Responsiveness scores. It becomes selectable in Applications and Scoring immediately.
B10: Comparing a shortlist | C10: Open Scoring, pick up to four universities in the yellow cells. Every axis is normalised to 0-10 (see the rule next to each axis) so the radar shape is a fair comparison. The same radar appears on the Dashboard.
B11: Filtering | C11: Open Explorer and change Country, Status or Priority. The matching list, the selection KPIs and the status chart update instantly. Set a selector back to All to clear it.
B12: Data quality rules | C12: Status, Priority, Level, Field and University are dropdown-only, Research Fit accepts 1-10 only. This keeps every chart and KPI reliable.
B13: Before recording a demo | C13: Deadlines are fixed dates. If you record later, shift a few deadlines into the next 30 days so the Upcoming Deadlines list and the red alerts are visible.
B14: Built with | C14: Python (openpyxl) generating native Excel formulas, validation, conditional formatting and chart objects. No macros, no external connections, works offline in Excel 2016 or later.

Sheet Lists
A1: Status | B1: Priority | C1: Level | D1: Field | E1: Contact Status | G1: Country+All | H1: Status+All | I1: Priority+All
A2: Not Started | B2: High | C2: PhD | D2: Biology | E2: Not contacted | G2: All | H2: All | I2: All
A3: In Progress | B3: Medium | C3: Postdoc | D3: Cancer Biology | E3: Awaiting reply | G3: Germany | H3: Not Started | I3: High
A4: Submitted | B4: Low | C4: Master | D4: Chemistry | E4: Replied | H4: In Progress | I4: Medium
A5: Interview | D5: Computer Science | E5: Interview scheduled | H5: Submitted | I5: Low
A6: Accepted | D6: Psychology | H6: Interview
A7: Rejected | D7: Civil Engineering | H7: Accepted
D8: Mechanical Engineering | H8: Rejected
D9: Architecture
D10: Business & Management
D11: Marketing
D12: Food Biotechnology
D13: Computational Biology
D14: Molecular Oncology
